"pclass","survived","name","sex","age","sibsp","parch","ticket","fare","cabin","embarked"
3,0,"Palsson Miss. Torborg Danira","female",8,3,1,349909,21.075,,"S"
2,0,"Sweet Mr. George Frederick","male",14,0,0,220845,65,,"S"
3,0,"Thomas Mr. Tannous","male",,0,0,2684,7.225,,"C"
2,1,"Kantor Mrs. Sinai Miriam Sternin","female",24,1,0,244367,26,,"S"
1,0,"Keeping Mr. Edwin","male",32.5,0,0,113503,211.5,"C132","C"
3,1,"Andersen-Jensen Miss. Carla Christine Nielsine","female",19,1,0,350046,7.8542,,"S"
2,1,"Hart Miss. Eva Miriam","female",7,0,2,"F.C.C. 13529",26.25,,"S"
3,1,"Abrahim Mrs. Joseph Sophie Halaut Easu","female",18,0,0,2657,7.2292,,"C"
2,1,"Hocking Miss. Ellen Nellie","female",20,2,1,29105,23,,"S"
3,0,"Paulner Mr. Uscher","male",,0,0,3411,8.7125,,"C"
1,1,"Lindstrom Mrs. Carl Johan Sigrid Posse","female",55,0,0,112377,27.7208,,"C"
2,0,"Bowenur Mr. Solomon","male",42,0,0,211535,13,,"S"
1,1,"Rheims Mr. George Alexander Lucien","male",,0,0,"PC 17607",39.6,,"S"
1,0,"Julian Mr. Henry Forbes","male",50,0,0,113044,26,"E60","S"
3,1,"Moss Mr. Albert Johan","male",,0,0,312991,7.775,,"S"
2,1,"Renouf Mrs. Peter Henry Lillian Jefferys","female",30,3,0,31027,21,,"S"
3,1,"Ryan Mr. Edward","male",,0,0,383162,7.75,,"Q"
3,0,"Windelov Mr. Einar","male",21,0,0,"SOTON/OQ 3101317",7.25,,"S"
1,1,"Astor Mrs. John Jacob Madeleine Talmadge Force","female",18,1,0,"PC 17757",227.525,"C62 C64","C"
3,1,"Healy Miss. Hanora Nora","female",,0,0,370375,7.75,,"Q"
3,0,"Dean Mr. Bertram Frank","male",26,1,2,"C.A. 2315",20.575,,"S"
1,1,"Seward Mr. Frederic Kimber","male",34,0,0,113794,26.55,,"S"
3,0,"Razi Mr. Raihed","male",,0,0,2629,7.2292,,"C"
2,1,"Phillips Miss. Kate Florence Mrs Kate Louise Phillips Marshall","female",19,0,0,250655,26,,"S"
3,0,"Rasmussen Mrs. Lena Jacobsen Solvang","female",,0,0,65305,8.1125,,"S"
3,0,"Pettersson Miss. Ellen Natalia","female",18,0,0,347087,7.775,,"S"
3,1,"Baclini Miss. Helene Barbara","female",0.75,2,1,2666,19.2583,,"C"
3,0,"Barbara Miss. Saiide","female",18,0,1,2691,14.4542,,"C"
1,0,"Reuchlin Jonkheer. John George","male",38,0,0,19972,0,,"S"
1,1,"Kimball Mr. Edwin Nelson Jr","male",42,1,0,11753,52.5542,"D19","S"
3,0,"Karaic Mr. Milan","male",30,0,0,349246,7.8958,,"S"
3,0,"Petersen Mr. Marius","male",24,0,0,342441,8.05,,"S"
2,0,"Andrew Mr. Frank Thomas","male",25,0,0,"C.A. 34050",10.5,,"S"
3,1,"Lam Mr. Ali","male",,0,0,1601,56.4958,,"S"
1,0,"Guggenheim Mr. Benjamin","male",46,0,0,"PC 17593",79.2,"B82 B84","C"
3,1,"Coutts Master. William Loch William","male",3,1,1,"C.A. 37671",15.9,,"S"
3,1,"Sandstrom Mrs. Hjalmar Agnes Charlotta Bengtsson","female",24,0,2,"PP 9549",16.7,"G6","S"
3,1,"Hedman Mr. Oskar Arvid","male",27,0,0,347089,6.975,,"S"
3,0,"Dantcheff Mr. Ristiu","male",25,0,0,349203,7.8958,,"S"
3,0,"Lennon Miss. Mary","female",,1,0,370371,15.5,,"Q"
3,0,"Asim Mr. Adola","male",35,0,0,"SOTON/O.Q. 3101310",7.05,,"S"
3,0,"Drazenoic Mr. Jozef","male",33,0,0,349241,7.8958,,"C"
3,0,"Goodwin Miss. Jessie Allis","female",10,5,2,"CA 2144",46.9,,"S"
3,0,"Allen Mr. William Henry","male",35,0,0,373450,8.05,,"S"
3,0,"Crease Mr. Ernest James","male",19,0,0,"S.P. 3464",8.1583,,"S"
3,1,"Jermyn Miss. Annie","female",,0,0,14313,7.75,,"Q"
3,0,"Holthen Mr. Johan Martin","male",28,0,0,"C 4001",22.525,,"S"
1,1,"Bishop Mrs. Dickinson H Helen Walton","female",19,1,0,11967,91.0792,"B49","C"
3,1,"Nakid Miss. Maria Mary","female",1,0,2,2653,15.7417,,"C"
3,0,"Sage Miss. Dorothy Edith Dolly","female",,8,2,"CA. 2343",69.55,,"S"
2,0,"Gaskell Mr. Alfred","male",16,0,0,239865,26,,"S"
2,1,"Jerwan Mrs. Amin S Marie Marthe Thuillard","female",23,0,0,"SC/AH Basle 541",13.7917,"D","C"
2,1,"Sincock Miss. Maude","female",20,0,0,"C.A. 33112",36.75,,"S"
2,0,"Otter Mr. Richard","male",39,0,0,28213,13,,"S"
1,1,"McGough Mr. James Robert","male",36,0,0,"PC 17473",26.2875,"E25","S"
3,0,"Zabour Miss. Thamine","female",,1,0,2665,14.4542,,"C"
3,0,"Peduzzi Mr. Joseph","male",,0,0,"A/5 2817",8.05,,"S"
3,0,"Duane Mr. Frank","male",65,0,0,336439,7.75,,"Q"
3,0,"Aronsson Mr. Ernst Axel Algot","male",24,0,0,349911,7.775,,"S"
3,0,"Risien Mrs. Samuel Emma","female",,0,0,364498,14.5,,"S"
2,1,"Padro y Manent Mr. Julian","male",,0,0,"SC/PARIS 2146",13.8625,,"C"
1,1,"Holverson Mrs. Alexander Oskar Mary Aline Towner","female",35,1,0,113789,52,,"S"
3,0,"Myhrman Mr. Pehr Fabian Oliver Malkolm","male",18,0,0,347078,7.75,,"S"
2,0,"Malachard Mr. Noel","male",,0,0,237735,15.0458,"D","C"
2,1,"Wilhelms Mr. Charles","male",31,0,0,244270,13,,"S"
3,1,"Turja Miss. Anna Sofia","female",18,0,0,4138,9.8417,,"S"
2,1,"Walcroft Miss. Nellie","female",31,0,0,"F.C.C. 13528",21,,"S"
3,0,"Shaughnessy Mr. Patrick","male",,0,0,370374,7.75,,"Q"
1,0,"Head Mr. Christopher","male",42,0,0,113038,42.5,"B11","S"
3,0,"Ford Mr. William Neal","male",16,1,3,"W./C. 6608",34.375,,"S"
1,1,"Spedden Mr. Frederic Oakley","male",45,1,1,16966,134.5,"E34","C"
2,0,"Yrois Miss. Henriette Mrs Harbeck","female",24,0,0,248747,13,,"S"
3,0,"Klasen Mr. Klas Albin","male",18,1,1,350404,7.8542,,"S"
3,0,"Cann Mr. Ernest Charles","male",21,0,0,"A./5. 2152",8.05,,"S"
3,0,"Peacock Master. Alfred Edward","male",0.75,1,1,"SOTON/O.Q. 3101315",13.775,,"S"
2,1,"Oxenham Mr. Percy Thomas","male",22,0,0,"W./C. 14260",10.5,,"S"
1,0,"Moore Mr. Clarence Bloomfield","male",47,0,0,113796,42.4,,"S"
3,1,"Stranden Mr. Juho","male",31,0,0,"STON/O 2. 3101288",7.925,,"S"
1,1,"Endres Miss. Caroline Louise","female",38,0,0,"PC 17757",227.525,"C45","C"
3,0,"Sdycoff Mr. Todor","male",,0,0,349222,7.8958,,"S"
3,0,"Sage Miss. Stella Anna","female",,8,2,"CA. 2343",69.55,,"S"
3,0,"Vande Walle Mr. Nestor Cyriel","male",28,0,0,345770,9.5,,"S"
3,0,"Thomas Mr. Charles P","male",,1,0,2621,6.4375,,"C"
2,1,"Abelson Mrs. Samuel Hannah Wizosky","female",28,1,0,"P/PP 3381",24,,"C"
2,0,"Leyson Mr. Robert William Norman","male",24,0,0,"C.A. 29566",10.5,,"S"
3,1,"Johnson Mrs. Oscar W Elisabeth Vilhelmina Berg","female",27,0,2,347742,11.1333,,"S"
1,1,"Futrelle Mrs. Jacques Heath Lily May Peel","female",35,1,0,113803,53.1,"C123","S"
3,0,"Birkeland Mr. Hans Martin Monsen","male",21,0,0,312992,7.775,,"S"
3,1,"Heikkinen Miss. Laina","female",26,0,0,"STON/O2. 3101282",7.925,,"S"
2,0,"Hale Mr. Reginald","male",30,0,0,250653,13,,"S"
1,1,"Chaudanson Miss. Victorine","female",36,0,0,"PC 17608",262.375,"B61","C"
3,1,"Connolly Miss. Kate","female",22,0,0,370373,7.75,,"Q"
3,1,"Asplund Mr. Johan Charles","male",23,0,0,350054,7.7958,,"S"
2,1,"Williams Mr. Charles Eugene","male",,0,0,244373,13,,"S"
1,0,"Hilliard Mr. Herbert Henry","male",,0,0,17463,51.8625,"E46","S"
3,1,"de Messemaeker Mr. Guillaume Joseph","male",36.5,1,0,345572,17.4,,"S"
3,1,"Karlsson Mr. Einar Gervasius","male",21,0,0,350053,7.7958,,"S"
1,1,"Minahan Miss. Daisy E","female",33,1,0,19928,90,"C78","Q"
2,0,"Reeves Mr. David","male",36,0,0,"C.A. 17248",10.5,,"S"
3,1,"Kink-Heilmann Miss. Luise Gretchen","female",4,0,2,315153,22.025,,"S"
3,0,"Stankovic Mr. Ivan","male",33,0,0,349239,8.6625,,"C"
1,0,"Williams-Lambert Mr. Fletcher Fellows","male",,0,0,113510,35,"C128","S"
2,0,"Pain Dr. Alfred","male",23,0,0,244278,10.5,,"S"
1,1,"Greenfield Mrs. Leo David Blanche Strouse","female",45,0,1,"PC 17759",63.3583,"D10 D12","C"
3,0,"Vanden Steen Mr. Leo Peter","male",28,0,0,345783,9.5,,"S"
3,0,"Ford Mr. Arthur","male",,0,0,"A/5 1478",8.05,,"S"
3,1,"Tornquist Mr. William Henry","male",25,0,0,"LINE",0,,"S"
3,1,"Riordan Miss. Johanna Hannah","female",,0,0,334915,7.7208,,"Q"
2,0,"Ponesell Mr. Martin","male",34,0,0,250647,13,,"S"
3,0,"Danbom Mrs. Ernst Gilbert Anna Sigrid Maria Brogren","female",28,1,1,347080,14.4,,"S"
1,1,"LeRoy Miss. Bertha","female",30,0,0,"PC 17761",106.425,,"C"
1,0,"Baxter Mr. Quigg Edmond","male",24,0,1,"PC 17558",247.5208,"B58 B60","C"
1,1,"Wick Miss. Mary Natalie","female",31,0,2,36928,164.8667,"C7","S"
3,0,"Lobb Mrs. William Arthur Cordelia K Stanlick","female",26,1,0,"A/5. 3336",16.1,,"S"
3,0,"Wiklund Mr. Jakob Alfred","male",18,1,0,3101267,6.4958,,"S"
1,1,"Wick Mrs. George Dennick Mary Hitchcock","female",45,1,1,36928,164.8667,,"S"
3,0,"Hagland Mr. Ingvald Olai Olsen","male",,1,0,65303,19.9667,,"S"
2,0,"McCrie Mr. James Matthew","male",30,0,0,233478,13,,"S"
3,0,"Zakarian Mr. Ortin","male",27,0,0,2670,7.225,,"C"
1,1,"Pears Mrs. Thomas Edith Wearne","female",22,1,0,113776,66.6,"C2","S"
2,0,"Ashby Mr. John","male",57,0,0,244346,13,,"S"
1,1,"Geiger Miss. Amalie","female",35,0,0,113503,211.5,"C130","C"
1,1,"Chevre Mr. Paul Romaine","male",45,0,0,"PC 17594",29.7,"A9","C"
3,0,"Petterson Mr. Johan Emil","male",25,1,0,347076,7.775,,"S"
3,0,"Andersson Mr. Johan Samuel","male",26,0,0,347075,7.775,,"S"
1,0,"Chaffee Mr. Herbert Fuller","male",46,1,0,"W.E.P. 5734",61.175,"E31","S"
3,0,"Cook Mr. Jacob","male",43,0,0,"A/5 3536",8.05,,"S"
2,1,"Keane Miss. Nora A","female",,0,0,226593,12.35,"E101","Q"
1,1,"Madill Miss. Georgette Alexandra","female",15,0,1,24160,211.3375,"B5","S"
2,1,"Becker Miss. Ruth Elizabeth","female",12,2,1,230136,39,"F4","S"
1,1,"Harper Mr. Henry Sleeper","male",48,1,0,"PC 17572",76.7292,"D33","C"
3,0,"Sage Master. Thomas Henry","male",,8,2,"CA. 2343",69.55,,"S"
1,0,"Parr Mr. William Henry Marsh","male",,0,0,112052,0,,"S"
3,0,"Bostandyeff Mr. Guentcho","male",26,0,0,349224,7.8958,,"S"
1,1,"Woolner Mr. Hugh","male",,0,0,19947,35.5,"C52","S"
3,0,"Pokrnic Mr. Mate","male",17,0,0,315095,8.6625,,"S"
3,1,"Finoli Mr. Luigi","male",,0,0,"SOTON/O.Q. 3101308",7.05,,"S"
1,1,"Ismay Mr. Joseph Bruce","male",49,0,0,112058,0,"B52 B54 B56","S"
3,1,"de Messemaeker Mrs. Guillaume Joseph Emma","female",36,1,0,345572,17.4,,"S"
1,0,"Crosby Capt. Edward Gifford","male",70,1,1,"WE/P 5735",71,"B22","S"
1,0,"McCaffry Mr. Thomas Francis","male",46,0,0,13050,75.2417,"C6","C"
3,0,"Augustsson Mr. Albert","male",23,0,0,347468,7.8542,,"S"
3,0,"Goodwin Mr. Charles Edward","male",14,5,2,"CA 2144",46.9,,"S"
2,0,"Mangiavacchi Mr. Serafino Emilio","male",,0,0,"SC/A.3 2861",15.5792,,"C"
2,0,"Faunthorpe Mr. Harry","male",40,1,0,2926,26,,"S"
3,0,"Rush Mr. Alfred George John","male",16,0,0,"A/4. 20589",8.05,,"S"
3,1,"Salkjelsvik Miss. Anna Kristine","female",21,0,0,343120,7.65,,"S"
3,0,"Franklin Mr. Charles Charles Fardon","male",,0,0,"SOTON/O.Q. 3101314",7.25,,"S"
3,1,"Kelly Miss. Mary","female",,0,0,14312,7.75,,"Q"
1,1,"Bissette Miss. Amelia","female",35,0,0,"PC 17760",135.6333,"C99","S"
2,0,"Cotterill Mr. Henry Harry","male",21,0,0,29107,11.5,,"S"
2,1,"Wells Master. Ralph Lester","male",2,1,1,29103,23,,"S"
2,1,"Beane Mr. Edward","male",32,1,0,2908,26,,"S"
3,0,"Maenpaa Mr. Matti Alexanteri","male",22,0,0,"STON/O 2. 3101275",7.125,,"S"
3,1,"Badman Miss. Emily Louisa","female",18,0,0,"A/4 31416",8.05,,"S"
3,0,"Goodwin Master. Sidney Leonard","male",1,5,2,"CA 2144",46.9,,"S"
3,0,"Sage Mr. John George","male",,1,9,"CA. 2343",69.55,,"S"
1,1,"Potter Mrs. Thomas Jr Lily Alexenia Wilson","female",56,0,1,11767,83.1583,"C50","C"
3,1,"O'Dwyer Miss. Ellen Nellie","female",,0,0,330959,7.8792,,"Q"
2,0,"Clarke Mr. Charles Valentine","male",29,1,0,2003,26,,"S"
1,1,"Beckwith Mrs. Richard Leonard Sallie Monypeny","female",47,1,1,11751,52.5542,"D35","S"
3,0,"Holm Mr. John Fredrik Alexander","male",43,0,0,"C 7075",6.45,,"S"
2,0,"Baimbrigge Mr. Charles Robert","male",23,0,0,"C.A. 31030",10.5,,"S"
3,1,"O'Driscoll Miss. Bridget","female",,0,0,14311,7.75,,"Q"
1,1,"Frauenthal Dr. Henry William","male",50,2,0,"PC 17611",133.65,,"S"
1,0,"Farthing Mr. John","male",,0,0,"PC 17483",221.7792,"C95","S"
3,0,"Vestrom Miss. Hulda Amanda Adolfina","female",14,0,0,350406,7.8542,,"S"
3,1,"Chip Mr. Chang","male",32,0,0,1601,56.4958,,"S"
3,0,"Lahoud Mr. Sarkis","male",,0,0,2624,7.225,,"C"
1,1,"Minahan Mrs. William Edward Lillian E Thorpe","female",37,1,0,19928,90,"C78","Q"
1,1,"Goldenberg Mr. Samuel L","male",49,1,0,17453,89.1042,"C92","C"
3,1,"Thorneycroft Mrs. Percival Florence Kate White","female",,1,0,376564,16.1,,"S"
3,0,"Lefebre Mrs. Frank Frances","female",,0,4,4133,25.4667,,"S"
2,1,"Beesley Mr. Lawrence","male",34,0,0,248698,13,"D56","S"
3,0,"Hanna Mr. Mansour","male",23.5,0,0,2693,7.2292,,"C"
2,1,"Laroche Miss. Louise","female",1,1,2,"SC/Paris 2123",41.5792,,"C"
2,0,"Campbell Mr. William","male",,0,0,239853,0,,"S"
3,0,"Cacic Miss. Marija","female",30,0,0,315084,8.6625,,"S"
1,0,"Chisholm Mr. Roderick Robert Crispin","male",,0,0,112051,0,,"S"
1,0,"Widener Mr. George Dunton","male",50,1,1,113503,211.5,"C80","C"
2,0,"Ware Mr. William Jeffery","male",23,1,0,28666,10.5,,"S"
3,0,"Coxon Mr. Daniel","male",59,0,0,364500,7.25,,"S"
3,0,"Cacic Mr. Jego Grga","male",18,0,0,315091,8.6625,,"S"
1,1,"Gracie Col. Archibald IV","male",53,0,0,113780,28.5,"C51","C"
3,0,"Larsson Mr. August Viktor","male",29,0,0,7545,9.4833,,"S"
1,1,"Williams Mr. Richard Norris II","male",21,0,1,"PC 17597",61.3792,,"C"
3,0,"Danbom Master. Gilbert Sigvard Emanuel","male",0.33,0,2,347080,14.4,,"S"
3,0,"Kraeff Mr. Theodor","male",,0,0,349253,7.8958,,"C"
3,0,"Coleff Mr. Peju","male",36,0,0,349210,7.4958,,"S"
3,0,"Williams Mr. Howard Hugh Harry","male",,0,0,"A/5 2466",8.05,,"S"
1,1,"Stephenson Mrs. Walter Bertram Martha Eustis","female",52,1,0,36947,78.2667,"D20","C"
1,0,"Cairns Mr. Alexander","male",,0,0,113798,31,,"S"
1,0,"Cavendish Mr. Tyrell William","male",36,1,0,19877,78.85,"C46","S"
3,0,"Lemberopolous Mr. Peter L","male",34.5,0,0,2683,6.4375,,"C"
1,1,"Ryerson Miss. Emily Borie","female",18,2,2,"PC 17608",262.375,"B57 B59 B63 B66","C"
3,0,"Dika Mr. Mirko","male",17,0,0,349232,7.8958,,"S"
3,0,"Attalah Miss. Malake","female",17,0,0,2627,14.4583,,"C"
3,0,"O'Brien Mr. Timothy","male",,0,0,330979,7.8292,,"Q"
3,1,"Kink-Heilmann Mrs. Anton Luise Heilmann","female",26,1,1,315153,22.025,,"S"
3,1,"Kennedy Mr. John","male",,0,0,368783,7.75,,"Q"
3,0,"Rice Master. Eugene","male",2,4,1,382652,29.125,,"Q"
1,1,"Greenfield Mr. William Bertram","male",23,0,1,"PC 17759",63.3583,"D10 D12","C"
2,1,"Jacobsohn Mrs. Sidney Samuel Amy Frances Christy","female",24,2,1,243847,27,,"S"
2,1,"Buss Miss. Kate","female",36,0,0,27849,13,,"S"
3,0,"Asplund Master. Filip Oscar","male",13,4,2,347077,31.3875,,"S"
3,1,"Glynn Miss. Mary Agatha","female",,0,0,335677,7.75,,"Q"
2,1,"Reynaldo Ms. Encarnacion","female",28,0,0,230434,13,,"S"
1,1,"Aubart Mme. Leontine Pauline","female",24,0,0,"PC 17477",69.3,"B35","C"
3,0,"Daher Mr. Shedid","male",22.5,0,0,2698,7.225,,"C"
2,1,"Herman Mrs. Samuel Jane Laver","female",48,1,2,220845,65,,"S"
2,0,"Hunt Mr. George Henry","male",33,0,0,"SCO/W 1585",12.275,,"S"
3,0,"Karlsson Mr. Nils August","male",22,0,0,350060,7.5208,,"S"
3,0,"Braf Miss. Elin Ester Maria","female",20,0,0,347471,7.8542,,"S"
2,0,"Bryhl Mr. Kurt Arnold Gottfrid","male",25,1,0,236853,26,,"S"
3,1,"Daly Miss. Margaret Marcella Maggie","female",30,0,0,382650,6.95,,"Q"
3,0,"O'Sullivan Miss. Bridget Mary","female",,0,0,330909,7.6292,,"Q"
3,1,"Baclini Mrs. Solomon Latifa Qurban","female",24,0,3,2666,19.2583,,"C"
1,1,"Blank Mr. Henry","male",40,0,0,112277,31,"A31","C"
2,0,"Watson Mr. Ennis Hastings","male",,0,0,239856,0,,"S"
2,0,"Navratil Mr. Michel Louis M Hoffman","male",36.5,0,2,230080,26,"F2","S"
2,0,"Hocking Mr. Samuel James Metcalfe","male",36,0,0,242963,13,,"S"
1,1,"Bonnell Miss. Elizabeth","female",58,0,0,113783,26.55,"C103","S"
1,1,"Baxter Mrs. James Helene DeLaudeniere Chaput","female",50,0,1,"PC 17558",247.5208,"B58 B60","C"
2,1,"Drew Mrs. James Vivian Lulu Thorne Christian","female",34,1,1,28220,32.5,,"S"
3,0,"Radeff Mr. Alexander","male",,0,0,349223,7.8958,,"S"
3,0,"Dintcheff Mr. Valtcho","male",43,0,0,349226,7.8958,,"S"
3,1,"Masselmani Mrs. Fatima","female",,0,0,2649,7.225,,"C"
3,0,"Svensson Mr. Olof","male",24,0,0,350035,7.7958,,"S"
2,0,"Lingane Mr. John","male",61,0,0,235509,12.35,,"Q"
2,1,"Watt Mrs. James Elizabeth Bessie Inglis Milne","female",40,0,0,"C.A. 33595",15.75,,"S"
3,0,"Ryan Mr. Patrick","male",,0,0,371110,24.15,,"Q"
2,1,"Nye Mrs. Elizabeth Ramell","female",29,0,0,"C.A. 29395",10.5,"F33","S"
3,0,"Olsson Mr. Nils Johan Goransson","male",28,0,0,347464,7.8542,,"S"
3,0,"Connolly Miss. Kate","female",30,0,0,330972,7.6292,,"Q"
3,0,"Humblen Mr. Adolf Mathias Nicolai Olsen","male",42,0,0,348121,7.65,"F G63","S"
1,0,"Weir Col. John","male",60,0,0,113800,26.55,,"S"
2,0,"Hood Mr. Ambrose Jr","male",21,0,0,"S.O.C. 14879",73.5,,"S"
3,0,"Rogers Mr. William John","male",,0,0,"S.C./A.4. 23567",8.05,,"S"
3,1,"Hellstrom Miss. Hilda Maria","female",22,0,0,7548,8.9625,,"S"
3,0,"Elias Mr. Dibo","male",,0,0,2674,7.225,,"C"
3,0,"Doyle Miss. Elizabeth","female",24,0,0,368702,7.75,,"Q"
2,0,"Coleridge Mr. Reginald Charles","male",29,0,0,"W./C. 14263",10.5,,"S"
3,0,"Sage Mr. Frederick","male",,8,2,"CA. 2343",69.55,,"S"
3,0,"Canavan Miss. Mary","female",21,0,0,364846,7.75,,"Q"
2,1,"Leitch Miss. Jessie Wills","female",,0,0,248727,33,,"S"
3,0,"Elias Mr. Tannous","male",15,1,1,2695,7.2292,,"C"
3,0,"Dennis Mr. Samuel","male",22,0,0,"A/5 21172",7.25,,"S"
3,1,"Gilnagh Miss. Katherine Katie","female",16,0,0,35851,7.7333,,"Q"
3,1,"Touma Mrs. Darwis Hanne Youssef Razi","female",29,0,2,2650,15.2458,,"C"
1,0,"Harris Mr. Henry Birkhardt","male",45,1,0,36973,83.475,"C83","S"
3,0,"Garfirth Mr. John","male",,0,0,358585,14.5,,"S"
3,0,"Vander Planke Mr. Leo Edmondus","male",16,2,0,345764,18,,"S"
3,1,"Nilsson Miss. Helmina Josefina","female",26,0,0,347470,7.8542,,"S"
3,0,"Hansen Mr. Claus Peter","male",41,2,0,350026,14.1083,,"S"
1,1,"Flynn Mr. John Irwin Irving","male",36,0,0,"PC 17474",26.3875,"E25","S"
2,0,"Gill Mr. John William","male",24,0,0,233866,13,,"S"
3,0,"Naidenoff Mr. Penko","male",22,0,0,349206,7.8958,,"S"
3,1,"Sjoblom Miss. Anna Sofia","female",18,0,0,3101265,7.4958,,"S"
3,0,"Gilinski Mr. Eliezer","male",22,0,0,14973,8.05,,"S"
3,0,"Davies Mr. Joseph","male",17,2,0,"A/4 48873",8.05,,"S"
3,0,"Lindell Mrs. Edvard Bengtsson Elin Gerda Persson","female",30,1,0,349910,15.55,,"S"
1,1,"Compton Miss. Sara Rebecca","female",39,1,1,"PC 17756",83.1583,"E49","C"
3,0,"Henry Miss. Delia","female",,0,0,382649,7.75,,"Q"
